"time","close","high","low","open","volumefrom","volumeto","conversionType","conversionSymbol","ts","timeDate"
1612107600000,0.4547,0.4579,0.4523,0.4523,1509.42,687.57,"force_direct","",1612107600,"2021-01-31"
1612107900000,0.4623,0.4648,0.4547,0.4547,817.34,378.69,"force_direct","",1612107900,"2021-01-31"
1612108200000,0.4682,0.4744,0.4618,0.4623,9514.13,4456.41,"force_direct","",1612108200,"2021-01-31"
1612108500000,0.48,0.4821,0.4682,0.4682,2955.85,1409.03,"force_direct","",1612108500,"2021-01-31"
1612108800000,0.4647,0.4841,0.4647,0.48,4077.84,1951.33,"force_direct","",1612108800,"2021-01-31"
1612109100000,0.4717,0.475,0.4647,0.4647,9451.02,4412.4,"force_direct","",1612109100,"2021-01-31"
1612109400000,0.4659,0.4731,0.4627,0.4717,1704.26,794.85,"force_direct","",1612109400,"2021-01-31"
1612109700000,0.4629,0.4659,0.4568,0.4659,525.62,240.5,"force_direct","",1612109700,"2021-01-31"
1612110000000,0.4679,0.4785,0.4547,0.4629,1571.43,735.19,"force_direct","",1612110000,"2021-01-31"
1612110300000,0.4639,0.4679,0.4589,0.4679,1349.27,624.98,"force_direct","",1612110300,"2021-01-31"
1612110600000,0.45,0.4639,0.45,0.4639,10314.77,4645.64,"force_direct","",1612110600,"2021-01-31"
1612110900000,0.4589,0.4723,0.45,0.45,318.44,144.81,"force_direct","",1612110900,"2021-01-31"
1612111200000,0.4646,0.4721,0.451,0.4589,3038.56,1397.96,"force_direct","",1612111200,"2021-01-31"
1612111500000,0.4509,0.4662,0.4509,0.4646,1276.53,587.49,"force_direct","",1612111500,"2021-01-31"
1612111800000,0.4538,0.457,0.4506,0.4509,1014.33,462.35,"force_direct","",1612111800,"2021-01-31"
1612112100000,0.4699,0.4699,0.4538,0.4538,139.83,64.84,"force_direct","",1612112100,"2021-01-31"
1612112400000,0.4511,0.4699,0.4511,0.4699,3054.47,1395.89,"force_direct","",1612112400,"2021-01-31"
1612112700000,0.45,0.4511,0.45,0.4511,410.17,184.58,"force_direct","",1612112700,"2021-01-31"
1612113000000,0.453,0.4543,0.45,0.45,1808.01,817.06,"force_direct","",1612113000,"2021-01-31"
1612113300000,0.4577,0.4577,0.453,0.453,404.07,183.97,"force_direct","",1612113300,"2021-01-31"
1612113600000,0.452,0.4577,0.452,0.4577,34.96,15.8,"force_direct","",1612113600,"2021-01-31"
1612113900000,0.4551,0.4551,0.452,0.452,20.06,9.12,"force_direct","",1612113900,"2021-01-31"
1612114200000,0.4574,0.4574,0.452,0.4551,930.62,423.08,"force_direct","",1612114200,"2021-01-31"
1612114500000,0.461,0.4653,0.4574,0.4574,3827.82,1772.83,"force_direct","",1612114500,"2021-01-31"
1612114800000,0.4573,0.4633,0.4573,0.461,53.14,24.34,"force_direct","",1612114800,"2021-01-31"
1612115100000,0.459,0.459,0.455,0.4573,2831.52,1289.15,"force_direct","",1612115100,"2021-01-31"
1612115400000,0.467,0.467,0.459,0.459,1203.88,555.46,"force_direct","",1612115400,"2021-01-31"
1612115700000,0.4536,0.467,0.4536,0.467,1012.95,461.46,"force_direct","",1612115700,"2021-01-31"
1612116000000,0.4541,0.4541,0.4536,0.4536,22.02,10,"force_direct","",1612116000,"2021-01-31"
1612116300000,0.4599,0.4599,0.4541,0.4541,228.84,104.61,"force_direct","",1612116300,"2021-01-31"
1612116600000,0.4602,0.4602,0.4563,0.4599,835.89,384.62,"force_direct","",1612116600,"2021-01-31"
1612116900000,0.462,0.462,0.46,0.4602,100.14,46.09,"force_direct","",1612116900,"2021-01-31"
1612117200000,0.462,0.462,0.462,0.462,0,0,"force_direct","",1612117200,"2021-01-31"
1612117500000,0.459,0.462,0.459,0.462,245.72,113.2,"force_direct","",1612117500,"2021-01-31"
1612117800000,0.4555,0.4632,0.4555,0.459,922.38,420.85,"force_direct","",1612117800,"2021-01-31"
1612118100000,0.455,0.4555,0.455,0.4555,7409.81,3374.76,"force_direct","",1612118100,"2021-01-31"
1612118400000,0.4599,0.4599,0.4543,0.455,2078.01,948.26,"force_direct","",1612118400,"2021-01-31"
1612118700000,0.4572,0.4599,0.4557,0.4599,1769.5,810.25,"force_direct","",1612118700,"2021-01-31"
1612119000000,0.4485,0.4572,0.4449,0.4572,19026.93,8533.41,"force_direct","",1612119000,"2021-01-31"
1612119300000,0.4406,0.4485,0.4406,0.4485,6772.79,3001.02,"force_direct","",1612119300,"2021-01-31"
1612119600000,0.4521,0.4522,0.4406,0.4406,4760.01,2118.24,"force_direct","",1612119600,"2021-01-31"
1612119900000,0.4509,0.4521,0.4509,0.4521,63.34,28.56,"force_direct","",1612119900,"2021-01-31"
1612120200000,0.4558,0.4604,0.4509,0.4509,18935.09,8697.48,"force_direct","",1612120200,"2021-01-31"
1612120500000,0.4547,0.4598,0.452,0.4558,47456.49,21549.73,"force_direct","",1612120500,"2021-01-31"
1612120800000,0.4595,0.4595,0.4547,0.4547,24.11,11.08,"force_direct","",1612120800,"2021-01-31"
1612121100000,0.4595,0.4595,0.4595,0.4595,0,0,"force_direct","",1612121100,"2021-01-31"
1612121400000,0.4502,0.4595,0.4502,0.4595,120,54.02,"force_direct","",1612121400,"2021-01-31"
1612121700000,0.4548,0.455,0.4502,0.4502,884.54,401.12,"force_direct","",1612121700,"2021-01-31"
1612122000000,0.4574,0.4574,0.4543,0.4548,964.48,439.54,"force_direct","",1612122000,"2021-01-31"
1612122300000,0.4658,0.4658,0.4574,0.4574,3077.35,1420.12,"force_direct","",1612122300,"2021-01-31"
1612122600000,0.4682,0.47,0.4653,0.4658,649.98,303.77,"force_direct","",1612122600,"2021-01-31"
1612122900000,0.4703,0.475,0.4682,0.4682,1575.88,748.01,"force_direct","",1612122900,"2021-01-31"
1612123200000,0.4641,0.4703,0.4635,0.4703,3995.63,1853.15,"force_direct","",1612123200,"2021-01-31"
1612123500000,0.4623,0.4649,0.4593,0.4641,730.93,336.38,"force_direct","",1612123500,"2021-01-31"
1612123800000,0.46,0.4657,0.46,0.4623,2062.41,948.99,"force_direct","",1612123800,"2021-01-31"
1612124100000,0.4575,0.4614,0.4575,0.46,4700.18,2161.44,"force_direct","",1612124100,"2021-01-31"
1612124400000,0.4599,0.4618,0.4575,0.4575,195.4,89.99,"force_direct","",1612124400,"2021-01-31"
1612124700000,0.4596,0.4627,0.4596,0.4599,170.96,78.91,"force_direct","",1612124700,"2021-01-31"
1612125000000,0.4584,0.4596,0.4582,0.4596,1031.75,472.92,"force_direct","",1612125000,"2021-01-31"
1612125300000,0.4655,0.467,0.4584,0.4584,4039.92,1873.83,"force_direct","",1612125300,"2021-01-31"
1612125600000,0.4644,0.4655,0.4644,0.4655,21.53,10,"force_direct","",1612125600,"2021-01-31"
1612125900000,0.4589,0.4644,0.4589,0.4644,372.8,171.59,"force_direct","",1612125900,"2021-01-31"
1612126200000,0.4636,0.4636,0.4589,0.4589,1991.75,923.31,"force_direct","",1612126200,"2021-01-31"
1612126500000,0.4657,0.4662,0.4622,0.4636,2081.53,969.29,"force_direct","",1612126500,"2021-01-31"
1612126800000,0.464,0.4657,0.4609,0.4657,43,19.9,"force_direct","",1612126800,"2021-01-31"
1612127100000,0.4619,0.4646,0.4578,0.464,7232.33,3337.06,"force_direct","",1612127100,"2021-01-31"
1612127400000,0.4635,0.4635,0.4605,0.4619,10012.14,4633.5,"force_direct","",1612127400,"2021-01-31"
1612127700000,0.459,0.4639,0.459,0.4635,3723.32,1719.87,"force_direct","",1612127700,"2021-01-31"
1612128000000,0.463,0.463,0.459,0.459,191.49,88.66,"force_direct","",1612128000,"2021-01-31"
1612128300000,0.467,0.467,0.46,0.463,1343.81,623.72,"force_direct","",1612128300,"2021-01-31"
1612128600000,0.467,0.467,0.4637,0.467,1281.59,595.4,"force_direct","",1612128600,"2021-01-31"
1612128900000,0.4667,0.467,0.4665,0.467,246.65,115.12,"force_direct","",1612128900,"2021-01-31"
1612129200000,0.467,0.467,0.4649,0.4667,652.14,304.5,"force_direct","",1612129200,"2021-01-31"
1612129500000,0.4744,0.4744,0.467,0.467,34309.29,16126.68,"force_direct","",1612129500,"2021-01-31"
1612129800000,0.4799,0.4844,0.4744,0.4744,46429.57,22247.82,"force_direct","",1612129800,"2021-01-31"
1612130100000,0.4834,0.4843,0.4757,0.4799,1718.47,826.9,"force_direct","",1612130100,"2021-01-31"
1612130400000,0.4871,0.4871,0.4834,0.4834,500.65,243.04,"force_direct","",1612130400,"2021-01-31"
1612130700000,0.4941,0.4941,0.4871,0.4871,8055.77,3947.84,"force_direct","",1612130700,"2021-01-31"
1612131000000,0.4867,0.4941,0.4801,0.4941,1230.11,593.89,"force_direct","",1612131000,"2021-01-31"
1612131300000,0.4867,0.4867,0.4867,0.4867,0,0,"force_direct","",1612131300,"2021-01-31"
1612131600000,0.4774,0.4867,0.4773,0.4867,208.2,99.52,"force_direct","",1612131600,"2021-01-31"
1612131900000,0.4891,0.4891,0.4774,0.4774,2008.88,976.25,"force_direct","",1612131900,"2021-01-31"
1612132200000,0.4885,0.4891,0.4807,0.4891,1716.15,835,"force_direct","",1612132200,"2021-01-31"
1612132500000,0.488,0.4897,0.488,0.4885,62.69,30.68,"force_direct","",1612132500,"2021-01-31"
1612132800000,0.4895,0.491,0.488,0.488,960.33,470.47,"force_direct","",1612132800,"2021-01-31"
1612133100000,0.4928,0.4928,0.4857,0.4895,12244.51,6015.38,"force_direct","",1612133100,"2021-01-31"
1612133400000,0.4913,0.4935,0.4874,0.4928,6461.07,3180.42,"force_direct","",1612133400,"2021-01-31"
1612133700000,0.4926,0.4934,0.4913,0.4913,427.46,210.78,"force_direct","",1612133700,"2021-01-31"
1612134000000,0.487,0.4926,0.4853,0.4926,3171.23,1550.47,"force_direct","",1612134000,"2021-01-31"
1612134300000,0.4851,0.487,0.4851,0.487,723.32,351.46,"force_direct","",1612134300,"2021-01-31"
1612134600000,0.4858,0.4865,0.4816,0.4851,3949.41,1907.77,"force_direct","",1612134600,"2021-01-31"
1612134900000,0.4838,0.4858,0.4838,0.4858,10,4.838,"force_direct","",1612134900,"2021-01-31"
1612135200000,0.488,0.488,0.4838,0.4838,14582.01,7115.98,"force_direct","",1612135200,"2021-01-31"
1612135500000,0.4899,0.4899,0.4862,0.488,841.78,409.83,"force_direct","",1612135500,"2021-01-31"
1612135800000,0.4949,0.495,0.4863,0.4899,2253.32,1105.37,"force_direct","",1612135800,"2021-01-31"
1612136100000,0.4977,0.4977,0.4904,0.4949,3527.75,1738.87,"force_direct","",1612136100,"2021-01-31"
1612136400000,0.499,0.5,0.4952,0.4977,2526.64,1258.86,"force_direct","",1612136400,"2021-01-31"
1612136700000,0.4955,0.4998,0.4949,0.499,1154.05,572.99,"force_direct","",1612136700,"2021-01-31"
1612137000000,0.4949,0.4955,0.4907,0.4955,10070.05,4952.54,"force_direct","",1612137000,"2021-01-31"
1612137300000,0.4973,0.5012,0.494,0.4949,24569.91,12280.68,"force_direct","",1612137300,"2021-01-31"
1612137600000,0.48,0.4973,0.48,0.4973,1867.2,911.31,"force_direct","",1612137600,"2021-01-31"
1612137900000,0.469,0.4859,0.469,0.48,11636.88,5499.84,"force_direct","",1612137900,"2021-01-31"
1612138200000,0.4786,0.4809,0.469,0.469,10053.77,4810.94,"force_direct","",1612138200,"2021-01-31"
1612138500000,0.4744,0.4848,0.464,0.4786,5326.19,2522.29,"force_direct","",1612138500,"2021-01-31"
1612138800000,0.472,0.4744,0.4634,0.4744,7722.8,3610.4,"force_direct","",1612138800,"2021-01-31"
1612139100000,0.4654,0.472,0.46,0.472,7096.32,3327.75,"force_direct","",1612139100,"2021-01-31"
1612139400000,0.4736,0.4736,0.4654,0.4654,145.76,68.68,"force_direct","",1612139400,"2021-01-31"
1612139700000,0.4756,0.4756,0.4736,0.4736,244.12,116.04,"force_direct","",1612139700,"2021-01-31"
1612140000000,0.4695,0.4756,0.4695,0.4756,4730.37,2248.96,"force_direct","",1612140000,"2021-01-31"
1612140300000,0.4767,0.4798,0.4695,0.4695,8531.37,4018.81,"force_direct","",1612140300,"2021-01-31"
1612140600000,0.4767,0.4767,0.4767,0.4767,0,0,"force_direct","",1612140600,"2021-01-31"
1612140900000,0.4765,0.4767,0.4765,0.4767,5935.21,2828.13,"force_direct","",1612140900,"2021-01-31"
1612141200000,0.4788,0.4788,0.4765,0.4765,243.61,116.54,"force_direct","",1612141200,"2021-01-31"
1612141500000,0.4834,0.4834,0.4766,0.4788,8855.5,4232.44,"force_direct","",1612141500,"2021-01-31"
1612141800000,0.4785,0.4834,0.4785,0.4834,4,1.914,"force_direct","",1612141800,"2021-01-31"
1612142100000,0.4832,0.4859,0.4785,0.4785,1876.86,910.24,"force_direct","",1612142100,"2021-01-31"
1612142400000,0.4853,0.4859,0.4793,0.4832,6495.43,3151.19,"force_direct","",1612142400,"2021-01-31"
1612142700000,0.4838,0.4853,0.4838,0.4853,1426.42,690.1,"force_direct","",1612142700,"2021-01-31"
1612143000000,0.4842,0.4844,0.482,0.4838,759.61,367.57,"force_direct","",1612143000,"2021-01-31"
1612143300000,0.4896,0.4898,0.484,0.4842,6275.29,3055.25,"force_direct","",1612143300,"2021-01-31"
1612143600000,0.4816,0.4896,0.4816,0.4896,17.66,8.507,"force_direct","",1612143600,"2021-01-31"
1612143900000,0.48,0.4847,0.478,0.4816,5428.19,2609.9,"force_direct","",1612143900,"2021-01-31"
1612144200000,0.4802,0.4812,0.4776,0.48,1021.12,489.94,"force_direct","",1612144200,"2021-01-31"
1612144500000,0.4781,0.4812,0.4781,0.4802,5637.04,2700.21,"force_direct","",1612144500,"2021-01-31"
1612144800000,0.4794,0.4819,0.4771,0.4781,6755.08,3242.34,"force_direct","",1612144800,"2021-01-31"
1612145100000,0.4817,0.4829,0.4794,0.4794,59.49,28.69,"force_direct","",1612145100,"2021-01-31"
1612145400000,0.4781,0.4817,0.4756,0.4817,11304.93,5417.3,"force_direct","",1612145400,"2021-01-31"
1612145700000,0.4793,0.4824,0.478,0.4781,1132.86,542.54,"force_direct","",1612145700,"2021-01-31"
1612146000000,0.4837,0.4837,0.478,0.4793,16319.45,7845.78,"force_direct","",1612146000,"2021-01-31"
1612146300000,0.4785,0.4837,0.4783,0.4837,183.53,87.99,"force_direct","",1612146300,"2021-01-31"
1612146600000,0.486,0.486,0.4785,0.4785,2342.88,1136.16,"force_direct","",1612146600,"2021-01-31"
1612146900000,0.4842,0.4896,0.4842,0.486,3405.55,1662.93,"force_direct","",1612146900,"2021-01-31"
1612147200000,0.484,0.4878,0.4815,0.4842,279.43,135.47,"force_direct","",1612147200,"2021-01-31"
1612147500000,0.4842,0.4856,0.4824,0.484,1644.83,797.39,"force_direct","",1612147500,"2021-01-31"
1612147800000,0.485,0.4888,0.4824,0.4842,1780.39,862.49,"force_direct","",1612147800,"2021-01-31"
1612148100000,0.4873,0.4873,0.485,0.485,4644.12,2254.7,"force_direct","",1612148100,"2021-01-31"
1612148400000,0.486,0.4873,0.4851,0.4873,36.97,17.96,"force_direct","",1612148400,"2021-01-31"
1612148700000,0.4929,0.4935,0.486,0.486,4198.8,2061.4,"force_direct","",1612148700,"2021-01-31"
1612149000000,0.4922,0.4955,0.4922,0.4929,114.97,56.9,"force_direct","",1612149000,"2021-01-31"
1612149300000,0.5,0.5018,0.4922,0.4922,6598.22,3301.48,"force_direct","",1612149300,"2021-01-31"
1612149600000,0.5385,0.5385,0.5,0.5,25841.32,13212.79,"force_direct","",1612149600,"2021-01-31"
1612149900000,0.5499,0.55,0.5235,0.5385,15694.96,8452.49,"force_direct","",1612149900,"2021-01-31"
1612150200000,0.533,0.5499,0.5249,0.5499,5429.7,2903.06,"force_direct","",1612150200,"2021-01-31"
1612150500000,0.554,0.554,0.5323,0.533,15345.37,8259.88,"force_direct","",1612150500,"2021-01-31"
1612150800000,0.5782,0.58,0.5509,0.554,24557.13,13844.65,"force_direct","",1612150800,"2021-01-31"
1612151100000,0.58,0.58,0.5558,0.5782,9917,5624.07,"force_direct","",1612151100,"2021-01-31"
1612151400000,0.5699,0.58,0.5583,0.58,3341.33,1889.38,"force_direct","",1612151400,"2021-01-31"
1612151700000,0.55,0.5773,0.5489,0.5699,34878.87,19819.57,"force_direct","",1612151700,"2021-01-31"
1612152000000,0.5533,0.5689,0.5422,0.55,15430.28,8569.67,"force_direct","",1612152000,"2021-01-31"
1612152300000,0.5641,0.57,0.5533,0.5533,11889.04,6706.42,"force_direct","",1612152300,"2021-01-31"
1612152600000,0.5661,0.57,0.5614,0.5641,3650.74,2079.22,"force_direct","",1612152600,"2021-01-31"
1612152900000,0.573,0.573,0.5661,0.5661,4735.09,2703.31,"force_direct","",1612152900,"2021-01-31"
1612153200000,0.595,0.595,0.573,0.573,12162.83,7116.16,"force_direct","",1612153200,"2021-01-31"
1612153500000,0.5967,0.6,0.5841,0.595,1794.88,1073.02,"force_direct","",1612153500,"2021-01-31"
1612153800000,0.6,0.6,0.59,0.5967,5858.39,3505.26,"force_direct","",1612153800,"2021-01-31"
1612154100000,0.5855,0.6,0.5855,0.6,4337.36,2561.04,"force_direct","",1612154100,"2021-01-31"
1612154400000,0.5868,0.5868,0.5716,0.5855,12736.97,7358.81,"force_direct","",1612154400,"2021-01-31"
1612154700000,0.5855,0.5899,0.5769,0.5868,8822.33,5159.45,"force_direct","",1612154700,"2021-01-31"
1612155000000,0.5779,0.5855,0.5777,0.5855,3435.67,1989.21,"force_direct","",1612155000,"2021-01-31"
1612155300000,0.5785,0.5866,0.5779,0.5779,1474.21,854.5,"force_direct","",1612155300,"2021-01-31"
1612155600000,0.57,0.5799,0.57,0.5785,6733,3874.15,"force_direct","",1612155600,"2021-01-31"
1612155900000,0.5686,0.5724,0.5651,0.57,1662.88,944.9,"force_direct","",1612155900,"2021-01-31"
1612156200000,0.5834,0.5931,0.5685,0.5686,4784.18,2778.36,"force_direct","",1612156200,"2021-01-31"
1612156500000,0.5736,0.5834,0.572,0.5834,4176.88,2398.69,"force_direct","",1612156500,"2021-01-31"
1612156800000,0.572,0.58,0.572,0.5736,1786.19,1024.35,"force_direct","",1612156800,"2021-01-31"
1612157100000,0.5599,0.572,0.553,0.572,13504.94,7538.62,"force_direct","",1612157100,"2021-01-31"
1612157400000,0.5681,0.5681,0.5565,0.5599,12647.93,7053.92,"force_direct","",1612157400,"2021-01-31"
1612157700000,0.5715,0.5783,0.561,0.5681,2665.91,1517.47,"force_direct","",1612157700,"2021-01-31"
1612158000000,0.5719,0.5745,0.5645,0.5715,8230.29,4701.9,"force_direct","",1612158000,"2021-01-31"
1612158300000,0.5672,0.5719,0.5672,0.5719,1031.35,586.88,"force_direct","",1612158300,"2021-01-31"
1612158600000,0.58,0.58,0.5672,0.5672,12196.43,7009.96,"force_direct","",1612158600,"2021-01-31"
1612158900000,0.5842,0.587,0.5775,0.58,11822.67,6867.86,"force_direct","",1612158900,"2021-01-31"
1612159200000,0.5842,0.5842,0.5751,0.5842,10333.31,5999.42,"force_direct","",1612159200,"2021-02-01"
1612159500000,0.5799,0.5842,0.5751,0.5842,982.06,567.85,"force_direct","",1612159500,"2021-02-01"
1612159800000,0.5792,0.5799,0.578,0.5799,5273.62,3054.41,"force_direct","",1612159800,"2021-02-01"
1612160100000,0.5785,0.5808,0.5781,0.5792,47925.98,27727.58,"force_direct","",1612160100,"2021-02-01"
1612160400000,0.5826,0.5847,0.578,0.5785,23049.09,13349.79,"force_direct","",1612160400,"2021-02-01"
1612160700000,0.59,0.59,0.5826,0.5826,2015.39,1183.39,"force_direct","",1612160700,"2021-02-01"
1612161000000,0.5887,0.59,0.5879,0.59,765.21,450.8,"force_direct","",1612161000,"2021-02-01"
1612161300000,0.5856,0.5889,0.5815,0.5887,110.28,64.47,"force_direct","",1612161300,"2021-02-01"
1612161600000,0.585,0.59,0.5815,0.5856,731.54,428.13,"force_direct","",1612161600,"2021-02-01"
1612161900000,0.575,0.585,0.5714,0.585,3804.33,2200.97,"force_direct","",1612161900,"2021-02-01"
1612162200000,0.5847,0.5847,0.5726,0.575,1041.26,601.2,"force_direct","",1612162200,"2021-02-01"
1612162500000,0.5744,0.5847,0.5729,0.5847,156.02,89.6,"force_direct","",1612162500,"2021-02-01"
1612162800000,0.5819,0.585,0.572,0.5744,2732.2,1576.74,"force_direct","",1612162800,"2021-02-01"
1612163100000,0.5819,0.5819,0.5819,0.5819,0,0,"force_direct","",1612163100,"2021-02-01"
1612163400000,0.5819,0.5819,0.5819,0.5819,0,0,"force_direct","",1612163400,"2021-02-01"
1612163700000,0.585,0.585,0.5819,0.5819,1712.26,1001.62,"force_direct","",1612163700,"2021-02-01"
1612164000000,0.585,0.585,0.585,0.585,44.17,25.84,"force_direct","",1612164000,"2021-02-01"
1612164300000,0.585,0.585,0.585,0.585,0,0,"force_direct","",1612164300,"2021-02-01"
1612164600000,0.58,0.585,0.58,0.585,3508.74,2035.11,"force_direct","",1612164600,"2021-02-01"
1612164900000,0.5813,0.5852,0.58,0.58,615.25,359.45,"force_direct","",1612164900,"2021-02-01"
1612165200000,0.5886,0.5886,0.5801,0.5813,5212.43,3067.11,"force_direct","",1612165200,"2021-02-01"
1612165500000,0.5985,0.5985,0.5862,0.5886,50.95,30.12,"force_direct","",1612165500,"2021-02-01"
1612165800000,0.621,0.621,0.5985,0.5985,11494.5,6935.95,"force_direct","",1612165800,"2021-02-01"
1612166100000,0.6284,0.6284,0.5906,0.621,9754.85,6072.53,"force_direct","",1612166100,"2021-02-01"
1612166400000,0.64,0.64,0.6101,0.6284,5780.32,3657.46,"force_direct","",1612166400,"2021-02-01"
1612166700000,0.6264,0.6459,0.6251,0.64,6524.02,4150.89,"force_direct","",1612166700,"2021-02-01"
1612167000000,0.6333,0.64,0.62,0.6264,2569.39,1599.2,"force_direct","",1612167000,"2021-02-01"
1612167300000,0.6395,0.6399,0.63,0.6333,5478.79,3454.17,"force_direct","",1612167300,"2021-02-01"
1612167600000,0.6684,0.6705,0.6395,0.6395,15965.25,10421.69,"force_direct","",1612167600,"2021-02-01"
1612167900000,0.682,0.69,0.6621,0.6684,9743.94,6549.22,"force_direct","",1612167900,"2021-02-01"
1612168200000,0.6577,0.6899,0.6577,0.682,5202.93,3443.83,"force_direct","",1612168200,"2021-02-01"
1612168500000,0.6617,0.6834,0.6566,0.6577,7283.7,4814.03,"force_direct","",1612168500,"2021-02-01"
1612168800000,0.67,0.6817,0.6588,0.6617,3383.41,2278.95,"force_direct","",1612168800,"2021-02-01"
1612169100000,0.6787,0.6817,0.6601,0.67,3627.61,2438.29,"force_direct","",1612169100,"2021-02-01"
1612169400000,0.6572,0.6787,0.6572,0.6787,2365.8,1578.2,"force_direct","",1612169400,"2021-02-01"
1612169700000,0.666,0.666,0.6557,0.6572,1910.56,1256.33,"force_direct","",1612169700,"2021-02-01"
1612170000000,0.6404,0.666,0.615,0.666,3278.91,2082.45,"force_direct","",1612170000,"2021-02-01"
1612170300000,0.6463,0.6656,0.6355,0.6404,3658.33,2366.11,"force_direct","",1612170300,"2021-02-01"
1612170600000,0.6571,0.6655,0.6392,0.6463,4445.58,2954.59,"force_direct","",1612170600,"2021-02-01"
1612170900000,0.676,0.676,0.6535,0.6571,1558.46,1033.31,"force_direct","",1612170900,"2021-02-01"
1612171200000,0.6595,0.676,0.6595,0.676,1136.14,760.88,"force_direct","",1612171200,"2021-02-01"
1612171500000,0.665,0.6673,0.6595,0.6595,2087.93,1388.67,"force_direct","",1612171500,"2021-02-01"
1612171800000,0.6689,0.6689,0.6649,0.665,2408.13,1604.24,"force_direct","",1612171800,"2021-02-01"
1612172100000,0.6515,0.6689,0.6514,0.6689,898.44,594.16,"force_direct","",1612172100,"2021-02-01"
1612172400000,0.65,0.6599,0.65,0.6515,3944.13,2591.62,"force_direct","",1612172400,"2021-02-01"
1612172700000,0.6572,0.6572,0.6447,0.65,820.64,531.52,"force_direct","",1612172700,"2021-02-01"
1612173000000,0.6585,0.6634,0.65,0.6572,9893.76,6450.18,"force_direct","",1612173000,"2021-02-01"
1612173300000,0.6628,0.6628,0.6511,0.6585,2641.4,1747.57,"force_direct","",1612173300,"2021-02-01"
1612173600000,0.6699,0.6699,0.6511,0.6628,965.11,629.55,"force_direct","",1612173600,"2021-02-01"
1612173900000,0.6758,0.6759,0.6516,0.6699,1144.9,766.9,"force_direct","",1612173900,"2021-02-01"
1612174200000,0.6745,0.6758,0.6626,0.6758,7680.66,5175.12,"force_direct","",1612174200,"2021-02-01"
1612174500000,0.6583,0.6745,0.6583,0.6745,3572.63,2383.11,"force_direct","",1612174500,"2021-02-01"
1612174800000,0.6718,0.6718,0.6557,0.6583,123.24,82.31,"force_direct","",1612174800,"2021-02-01"
1612175100000,0.6655,0.6718,0.6645,0.6718,6073.86,4039.2,"force_direct","",1612175100,"2021-02-01"
1612175400000,0.676,0.676,0.6652,0.6655,698.76,466.81,"force_direct","",1612175400,"2021-02-01"
1612175700000,0.6975,0.7194,0.6739,0.676,11045.82,7719.02,"force_direct","",1612175700,"2021-02-01"
1612176000000,0.7161,0.7164,0.6886,0.6975,2524.18,1786.34,"force_direct","",1612176000,"2021-02-01"
1612176300000,0.6901,0.7161,0.69,0.7161,2613.21,1817.39,"force_direct","",1612176300,"2021-02-01"
1612176600000,0.7289,0.7299,0.6901,0.6901,2342.06,1663.28,"force_direct","",1612176600,"2021-02-01"
1612176900000,0.6994,0.7289,0.6951,0.7289,1239.9,892.49,"force_direct","",1612176900,"2021-02-01"
1612177200000,0.7225,0.75,0.6994,0.6994,15605.95,11494.67,"force_direct","",1612177200,"2021-02-01"
1612177500000,0.7401,0.7498,0.7225,0.7225,5829.88,4362.72,"force_direct","",1612177500,"2021-02-01"
1612177800000,0.72,0.7553,0.72,0.7401,5132.39,3821.42,"force_direct","",1612177800,"2021-02-01"
1612178100000,0.7237,0.7531,0.698,0.72,15223.37,10841,"force_direct","",1612178100,"2021-02-01"
1612178400000,0.7239,0.7349,0.688,0.7237,10542.42,7307.95,"force_direct","",1612178400,"2021-02-01"
1612178700000,0.725,0.7487,0.6895,0.7239,12294.91,8973.58,"force_direct","",1612178700,"2021-02-01"
1612179000000,0.7176,0.7444,0.7176,0.725,3792.8,2790.92,"force_direct","",1612179000,"2021-02-01"
1612179300000,0.7162,0.7424,0.7121,0.7176,10894.08,7917.42,"force_direct","",1612179300,"2021-02-01"
1612179600000,0.7281,0.7423,0.7156,0.7162,3912.18,2827.1,"force_direct","",1612179600,"2021-02-01"
1612179900000,0.721,0.742,0.7202,0.7281,4208.55,3072.63,"force_direct","",1612179900,"2021-02-01"
1612180200000,0.71,0.7399,0.71,0.721,2188.05,1583.51,"force_direct","",1612180200,"2021-02-01"
1612180500000,0.69,0.71,0.5714,0.71,65658.92,41556.17,"force_direct","",1612180500,"2021-02-01"
1612180800000,0.62,0.69,0.58,0.69,8175.57,4997.33,"force_direct","",1612180800,"2021-02-01"
1612181100000,0.62,0.6596,0.62,0.62,19633.69,12539.87,"force_direct","",1612181100,"2021-02-01"
1612181400000,0.5499,0.6299,0.531,0.62,47397.47,26617.6,"force_direct","",1612181400,"2021-02-01"
1612181700000,0.564,0.6231,0.5499,0.5499,8165.53,4690.62,"force_direct","",1612181700,"2021-02-01"
1612182000000,0.5706,0.6118,0.5608,0.564,5850.64,3469.57,"force_direct","",1612182000,"2021-02-01"
1612182300000,0.5901,0.605,0.5701,0.5706,1877.67,1120.13,"force_direct","",1612182300,"2021-02-01"
1612182600000,0.6033,0.605,0.5845,0.5901,30466.92,17940.6,"force_direct","",1612182600,"2021-02-01"
1612182900000,0.6035,0.6139,0.5971,0.6033,10235.88,6215.44,"force_direct","",1612182900,"2021-02-01"
1612183200000,0.6158,0.6158,0.6,0.6035,1994.93,1208.9,"force_direct","",1612183200,"2021-02-01"
1612183500000,0.6167,0.6371,0.6158,0.6158,22522.24,14255.47,"force_direct","",1612183500,"2021-02-01"
1612183800000,0.5927,0.6238,0.5911,0.6167,4104.72,2475.2,"force_direct","",1612183800,"2021-02-01"
1612184100000,0.5863,0.6,0.575,0.5927,1352.7,792.36,"force_direct","",1612184100,"2021-02-01"
1612184400000,0.5936,0.6039,0.5863,0.5863,2121.91,1267.09,"force_direct","",1612184400,"2021-02-01"
1612184700000,0.609,0.6123,0.5901,0.5936,16635.25,10066.86,"force_direct","",1612184700,"2021-02-01"
1612185000000,0.6033,0.6126,0.584,0.609,3616.77,2139.06,"force_direct","",1612185000,"2021-02-01"
1612185300000,0.6079,0.6156,0.5752,0.6033,7668.25,4576.03,"force_direct","",1612185300,"2021-02-01"
1612185600000,0.5535,0.6085,0.492,0.6079,53320.22,28236.82,"force_direct","",1612185600,"2021-02-01"
1612185900000,0.5312,0.5968,0.5312,0.5535,8231.48,4687.77,"force_direct","",1612185900,"2021-02-01"
1612186200000,0.4444,0.6085,0.4201,0.5312,59849.67,29753.23,"force_direct","",1612186200,"2021-02-01"
1612186500000,0.4602,0.5385,0.4407,0.4444,3907.16,1862.88,"force_direct","",1612186500,"2021-02-01"
1612186800000,0.44,0.5392,0.44,0.4602,13271.32,5866.51,"force_direct","",1612186800,"2021-02-01"
1612187100000,0.4899,0.4899,0.3905,0.44,21677.4,8999.57,"force_direct","",1612187100,"2021-02-01"
1612187400000,0.41,0.4899,0.3907,0.4899,8831.96,3891.04,"force_direct","",1612187400,"2021-02-01"
1612187700000,0.4001,0.4633,0.3909,0.41,6713.51,2698.43,"force_direct","",1612187700,"2021-02-01"
1612188000000,0.44,0.44,0.3905,0.4001,8222.2,3314.33,"force_direct","",1612188000,"2021-02-01"
1612188300000,0.4,0.4633,0.39,0.44,13604.02,5605.81,"force_direct","",1612188300,"2021-02-01"
1612188600000,0.39,0.45,0.39,0.4,28828.53,11928.53,"force_direct","",1612188600,"2021-02-01"
1612188900000,0.4212,0.4449,0.39,0.39,11337.27,4566.78,"force_direct","",1612188900,"2021-02-01"
1612189200000,0.44,0.44,0.4212,0.4212,8941.68,3883.82,"force_direct","",1612189200,"2021-02-01"
1612189500000,0.4417,0.4417,0.42,0.44,3291.26,1430.14,"force_direct","",1612189500,"2021-02-01"
1612189800000,0.4388,0.4417,0.4321,0.4417,9600.8,4213.87,"force_direct","",1612189800,"2021-02-01"
1612190100000,0.445,0.45,0.435,0.4388,11187.18,4968.58,"force_direct","",1612190100,"2021-02-01"
1612190400000,0.439,0.4451,0.4277,0.445,2981.13,1299.73,"force_direct","",1612190400,"2021-02-01"
1612190700000,0.4378,0.4437,0.4201,0.439,8947.34,3872.63,"force_direct","",1612190700,"2021-02-01"
1612191000000,0.4386,0.4425,0.4201,0.4378,7764.76,3376.27,"force_direct","",1612191000,"2021-02-01"
1612191300000,0.4362,0.4406,0.4101,0.4386,14842.66,6170.5,"force_direct","",1612191300,"2021-02-01"
1612191600000,0.4399,0.4399,0.4151,0.4362,5326.7,2310.33,"force_direct","",1612191600,"2021-02-01"
1612191900000,0.4173,0.4407,0.4155,0.4399,14443.18,6297.35,"force_direct","",1612191900,"2021-02-01"
1612192200000,0.4164,0.4384,0.4105,0.4173,11215.77,4730.5,"force_direct","",1612192200,"2021-02-01"
1612192500000,0.405,0.4312,0.405,0.4164,26536.19,10832.26,,,1612192500,"2021-02-01"
1612192800000,0.405,0.429,0.4,0.405,9842.07,3991.13,,,1612192800,"2021-02-01"
1612193100000,0.39,0.412,0.39,0.405,4320.31,1716.22,,,1612193100,"2021-02-01"
1612193400000,0.4,0.4131,0.39,0.39,8503.91,3378.89,,,1612193400,"2021-02-01"
1612193700000,0.4001,0.4186,0.4,0.4,3045.12,1270.32,,,1612193700,"2021-02-01"
1612194000000,0.4001,0.4001,0.3904,0.4001,245.42,97.9,,,1612194000,"2021-02-01"
